{
  "actions": [
    {
      "name": "/actions/hotkeys/in/HMDTrackingToggle",
      "requirement": "optional",
      "type": "boolean"
    },
    {
      "name": "/actions/hotkeys/in/LeftHandTrackingToggle",
      "requirement": "optional",
      "type": "boolean"
    },
    {
      "name": "/actions/hotkeys/in/RightHandTrackingToggle",
      "requirement": "optional",
      "type": "boolean"
    },
    {
      "name": "/actions/hotkeys/in/SaveOverlayPos",
      "requirement": "optional",
      "type": "boolean"
    },
    {
      "name": "/actions/hotkeys/in/ResetOverlayPos",
      "requirement": "optional",
      "type": "boolean"
    },
    {
      "name": "/actions/hotkeys/in/IncOverlaySize",
      "requirement": "optional",
      "type": "boolean"
    },
    {
      "name": "/actions/hotkeys/in/DecOverlaySize",
      "requirement": "optional",
      "type": "boolean"
    },
	{
      "name": "/actions/hotkeys/in/ShowOSDToggle",
      "requirement": "optional",
      "type": "boolean"
    },
	{
      "name": "/actions/hotkeys/in/HideOSDHold",
      "requirement": "optional",
      "type": "boolean"
    },
	{
      "name": "/actions/hotkeys/in/ShowVehInfoHold",
      "requirement": "optional",
      "type": "boolean"
    },
	{
      "name": "/actions/hotkeys/in/LoadProfile1",
      "requirement": "optional",
      "type": "boolean"
    },
	{
      "name": "/actions/hotkeys/in/LoadProfile2",
      "requirement": "optional",
      "type": "boolean"
    },
	{
      "name": "/actions/hotkeys/in/LoadProfile3",
      "requirement": "optional",
      "type": "boolean"
    },
	{
      "name": "/actions/hotkeys/in/LoadProfile4",
      "requirement": "optional",
      "type": "boolean"
    },
	{
      "name": "/actions/hotkeys/in/LoadProfile5",
      "requirement": "optional",
      "type": "boolean"
    }
  ],
  "action_sets": [
    {
      "name": "/actions/hotkeys",
      "usage": "leftright"
    }
  ],
  "localization" : [
    {
		"language_tag": "en_US",

		"/actions/hotkeys" : "Hotkeys",

		"/actions/hotkeys/in/HMDTrackingToggle" : "HMD tracking (Toggle)",
		"/actions/hotkeys/in/LeftHandTrackingToggle" : "Left controller tracking (Toggle)",
		"/actions/hotkeys/in/RightHandTrackingToggle" : "Right controller tracking (Toggle)",
		"/actions/hotkeys/in/SaveOverlayPos" : "Save Overlay's Position",
		"/actions/hotkeys/in/ResetOverlayPos" : "Reset Overlay's Position",
		"/actions/hotkeys/in/IncOverlaySize" : "Increase Overlay's Size",
		"/actions/hotkeys/in/DecOverlaySize" : "Decrease Overlay's Size",
		"/actions/hotkeys/in/ShowOSDToggle" : "Show Overlay (Toggle)",
	    "/actions/hotkeys/in/HideOSDHold" : "Hide Overlay (Hold)",
	    "/actions/hotkeys/in/ShowVehInfoHold" : "Show Vehicle Information (Hold)",
	    "/actions/hotkeys/in/LoadProfile1" : "Load Profile №1",
	    "/actions/hotkeys/in/LoadProfile2" : "Load Profile №2",
	    "/actions/hotkeys/in/LoadProfile3" : "Load Profile №3",
	    "/actions/hotkeys/in/LoadProfile4" : "Load Profile №4",
	    "/actions/hotkeys/in/LoadProfile5" : "Load Profile №5"
    }
  ]
}
